Route,Modifier,Schedule
Berowra-Hornsby,,"Berowra,Mt Ku-Ring Gai,Mount Colah,Asquith,Hornsby"
Hornsby-Gordon,,"Hornsby,Waitara,Wahroonga,Warrawee,Turramurra,Pymble,Gordon"
Gordon-Chatswood,,"Gordon,Killara,Lindfield,Roseville,Chatswood"
Gordon-Chatswood,Fast,"Gordon,Chatswood"
Lindfield-Chatswood,,"Lindfield,Roseville,Chatswood"
Chatswood-North Sydney,,"Chatswood,Atarmon,St Leonards,Wollstonecraft,Waverton,North Sydney"
Chatswood-North Sydney,Fast,"Chatswood,St Leonards,North Sydney"
North Sydney-Wynyard,,"North Sydney,Milsons Point,Wynyard"
Wynyard-Central,,"Wynyard,Town Hall,Central"
Central-Wynyard,City Circle,"Central,Museum,St James,Circular Quay, Wynyard"
Bondi Junction-Central,,"Bondi Junction,Edgecliff,Kings Cross,Martin Place,Town Hall,Central"
Hornsby-Epping,,"Hornsby,Normanhurst,Thornleigh,Pennant Hills,Beecroft,Cheltenham,Epping"
Epping-Rhodes,,"Epping,Eastwood,Denistone,West Ryde,Meadowbank,Rhodes"
Epping-Rhodes,Fast,"Epping,Eastwood,Rhodes"
Rhodes-Strathfield,,"Rhodes,Concord West,North Strathfield,Strathfield"
Rhodes-Strathfield,Fast,"Rhodes,Strathfield"
Epping-Strathfield,Fast,"Epping,Strathfield"
Tallawong-Chatswood,,"Tallawong,Rouse Hill,Kellyville,Bella Vista,Norwest,Hills Showground,Castle Hill,Cherrybrook,Epping,Macquarie University,Macquarie Park,North Ryde,Chatswood"
Emu Plains-Mount Druitt,,"Emu Plains,Penrith,Kingswood,Werrington,St Mary's,Mount Druitt"
Mount Druitt-Blacktown,,"Mount Druitt,Rooty Hill,Doonside,Blacktown"
Mount Druitt-Blacktown,Fast,"Mount Druitt,Blacktown"
Richmond-Schofields,,"Richmond,Claredon,Windsor,Mulgrave,Vineyard,Riverstone,Schofields"
Schofields-Blacktown,,"Schofields,Quakers Hill,Marayong,Blacktown"
Blacktown-Parramatta,,"Blacktown,Seven Hills,Toongabbie,Pendle Hill,Wentworthville,Westmead,Parramatta"
Blacktown-Parramatta,Fast,"Blacktown,Parramatta"
Westmead-Parramatta,,"Westmead,Parramatta"
Parramatta-Granville,,"Parramatta,Harris Park,Granville"
Parramatta-Granville,Fast,"Parramatta,Granville"
Parramatta-Strathfield,Fast,"Parramatta,Strathfield"
Parramatta-Strathfield,Semi-Fast,"Parramatta,Granville,Auburn,Lidcombe,Strathfield"
Granville-Auburn,,"Granville,Clyde,Auburn"
Granville-Auburn,Fast,"Granville,Auburn"
Auburn-Lidcombe,,"Auburn,Lidcombe"
Granville-Lidcombe,Fast,"Granville,Lidcombe"
Parramatta-Lidcombe,Fast,"Parramatta,Lidcombe"
Lidcombe-Strathfield,,"Lidcombe,Flemington,Homebush,Strathfield"
Lidcombe-Strathfield,Fast,"Lidcombe,Strathfield"
Flemington-Strathfield,,"Flemington,Homebush,Strathfield"
Strathfield-Central,Super Fast,"Strathfield,Central"
Strathfield-Central,Fast,"Strathfield,Redfern,Central"
Strathfield-Central,Fast2,"Strathfield,Burwood,Redfern,Central"
Strathfield-Central,Semi-Fast,"Strathfield,Burwood,Ashfield,Newtown,Redfern,Central"
Strathfield-Central,,"Strathfield,Burwood,Croydon,Ashfield,Summer Hill,Lewisham,Petersham,Stanmore,Newtown,Macdonaldtown,Redfern,Central"
Sydenham-Central,,"Sydenham,St Peters,Erskineville,Redfern,Central"
Sydenham-Central,Fast,"Sydenham,Redfern,Central"
Wolli Creek-Central,Super Fast,"Wolli Creek,Central"
Wolli Creek-Central,Fast,"Wolli Creek,Redfern,Central"
Wolli Creek-Sydenham ,,"Wolli Creek,Tempe,Sydenham"
Wolli Creek-Sydenham,Fast,"Wolli Creek,Sydenham"
Wolli Creek-Central,Airport-Fast,"Wolli Creek,International,Domestic,Central"
Wolli Creek-Central,Airport,"Wolli Creek,International,Domestic,Green Square,Mascot,Central"
Kogarah-Wolli Creek,Fast,"Kogarah,Wolli Creek"
Kogarah-Wolli Creek,Semi-Fast,"Kogarah,Rockdale,Wolli Creek"
Kogarah-Wolli Creek,,"Kogarah,Rockdale,Banksia,Arncliffe,Wolli Creek"
Hurstville-Kogarah,Fast,"Hurstville,Kogarah"
Hurstville-Kogarah,,"Hurstville,Allawah,Carlton,Kogarah"
Mortdale-Hurstville,,"Mortdale,Penshurst,Hurstville"
Sutherland-Hurstville,,"Sutherland,Jannali,Como,Oatley,Mortdale,Penshurst,Hurstville"
Sutherland-Hurstville,Fast,"Sutherland,Hurstville"
Sutherland-Hurstville,Semi-Fast,"Sutherland,Jannali,Como,Oatley,Mortdale,Hurstville"
Cronulla-Sutherland,,"Cronulla,Woolooware,Caringbah,Miranda,Gymea,Kirrawee,Sutherland"
Waterfall-Sutherland,,"Waterfall,Heathcote,Engadine,Loftus,Sutherland"
Campsie-Sydenham,,"Campsie,Canterbury,Hurlstone Park, Dulwich Hill,Marrickville,Sydenham"
Campsie-Sydenham,Semi-Fast,"Campsie,Marrickville,Sydenham"
Campsie-Sydenham,Fast,"Campsie,Sydenham"
Bankstown-Campsie,,"Bankstown,Punchbowl,Wiley Park,Lakemba,Belmore,Campsie"
Bankstown-Campsie,Fast,"Bankstown,Campsie"
Sefton-Bankstown,,"Sefton,Birrong,Yagoona,Bankstown"
Sefton-Lidcombe,,"Sefton,Regents Park,Berala,Lidcombe"
Sefton-Lidcombe,Fast,Sefton-Lidcombe
Cabramatta-Sefton ,,"Cabramatta,Carramar,Villawood,Chester Hill,Sefton"
Cabramatta-Sefton,Fast,"Cabramatta,Sefton"
Merrylands-Granville,,"Merrylands,Granville"
Merrylands-Parramatta,,"Merrylands,Harris Park,Paramatta"
Cabramatta-Merrylands,,"Cabramatta,Canley Vale,Fairfield,Yennora,Guildford,Merrylands"
Liverpool-Cabramatta,,"Liverpool,Warwick Farm,Cabramatta"
Glenfield-Liverpool,,"Glenfield,Casula,Liverpool"
Leppington-Glenfield,,"Leppington,Edmondson Park,Glenfield"
Macarthur-Glenfield,,"Macarthur,Campbelltown,Leumeah,Minto,Ingleburn,Macquarie Fields,Glenfield"
Glenfield-Revesby,Fast,"Glenfield,Revesby"
Glenfield-Revesby,,"Glenfield,Holsworthy,East Hills,Panania,Revesby"
Revesby-Kingsgrove,Fast,"Revesby,Kingsgrove"
Revesby-Kingsgrove,,"Revesby,Padstow,Riverwood,Narwee,Beverly Hills,Kingsgrove"
Kingsgrove-Wolli Creek,Fast,"Kingsgrove,Wolli Creek"
Kingsgrove-Wolli Creek,,"Kingsgrove,Bexley North,Bardwell Park,Turrella,Wolli Creek"
Glenfield-Wolli Creek,Semi-Fast,"Glenfield,Revesby,Kingsgrove,Wolli Creek"
Glenfield-Wolli Creek,Fast,"Glenfield,Revesby,Wolli Creek"
Lidcombe-Olympic Park,,"Lidcombe,Olympic Park"